±‚¡ÿ≥Ø¬•,ƒ´∏ﬁ∂Û∏Ìƒ™,∞Ëºˆ ∆Ú±’,¿ßµµ,∞Êµµ
20190928,¿≤∞Ó∑Œ3±Ê 50,12670.0,37.57777,126.982634
20190928,∞Ëµø±Ê 69,17308.0,37.580543,126.986594
20190928,∫œ√Ã∑Œ5∞°±Ê 38,8253.0,37.581286,126.981567
20190928,∫œ√Ã∑Œ11±Ê 1,9436.0,37.581425,126.984794
20190929,∞Ëµø±Ê 69,14015.0,37.580543,126.986594
20190929,∫œ√Ã∑Œ5∞°±Ê 38,7091.0,37.581286,126.981567
20190929,¿≤∞Ó∑Œ3±Ê 50,12222.0,37.57777,126.982634
20190929,∫œ√Ã∑Œ11±Ê 1,8268.5,37.581425,126.984794
20190930,∫œ√Ã∑Œ11±Ê 1,7184.0,37.581425,126.984794
20190930,∫œ√Ã∑Œ5∞°±Ê 38,4770.5,37.581286,126.981567
20190930,∞Ëµø±Ê 69,16167.0,37.580543,126.986594
20190930,¿≤∞Ó∑Œ3±Ê 50,8028.0,37.57777,126.982634
20191001,¿≤∞Ó∑Œ3±Ê 50,8904.5,37.57777,126.982634
20191001,∫œ√Ã∑Œ5∞°±Ê 38,4651.0,37.581286,126.981567
20191001,∞Ëµø±Ê 69,16852.5,37.580543,126.986594
20191001,∫œ√Ã∑Œ11±Ê 1,6823.5,37.581425,126.984794
20191002,∫œ√Ã∑Œ5∞°±Ê 38,4812.5,37.581286,126.981567
20191002,∫œ√Ã∑Œ11±Ê 1,7863.5,37.581425,126.984794
20191002,∞Ëµø±Ê 69,26026.5,37.580543,126.986594
20191002,¿≤∞Ó∑Œ3±Ê 50,7318.0,37.57777,126.982634
20191003,∫œ√Ã∑Œ5∞°±Ê 38,7865.5,37.581286,126.981567
20191003,∞Ëµø±Ê 69,20317.0,37.580543,126.986594
20191003,∫œ√Ã∑Œ11±Ê 1,9225.0,37.581425,126.984794
20191003,¿≤∞Ó∑Œ3±Ê 50,11030.5,37.57777,126.982634
20191004,∞Ëµø±Ê 69,16601.0,37.580543,126.986594
20191004,∫œ√Ã∑Œ11±Ê 1,10811.0,37.581425,126.984794
20191004,¿≤∞Ó∑Œ3±Ê 50,12051.5,37.57777,126.982634
20191004,∫œ√Ã∑Œ5∞°±Ê 38,7527.5,37.581286,126.981567
20191005,¿≤∞Ó∑Œ3±Ê 50,11430.0,37.57777,126.982634
20191005,∞Ëµø±Ê 69,21407.0,37.580543,126.986594
20191005,∫œ√Ã∑Œ11±Ê 1,10471.5,37.581425,126.984794
20191005,∫œ√Ã∑Œ5∞°±Ê 38,8207.0,37.581286,126.981567
20191006,∫œ√Ã∑Œ5∞°±Ê 38,7715.0,37.581286,126.981567
20191006,∫œ√Ã∑Œ11±Ê 1,8208.5,37.581425,126.984794
20191006,∞Ëµø±Ê 69,15102.0,37.580543,126.986594
20191006,¿≤∞Ó∑Œ3±Ê 50,10908.5,37.57777,126.982634
20191007,¿≤∞Ó∑Œ3±Ê 50,6637.5,37.57777,126.982634
20191007,∫œ√Ã∑Œ11±Ê 1,4338.5,37.581425,126.984794
20191007,∞Ëµø±Ê 69,26084.5,37.580543,126.986594
20191007,∫œ√Ã∑Œ5∞°±Ê 38,3350.0,37.581286,126.981567
20191008,∫œ√Ã∑Œ11±Ê 1,7051.0,37.581425,126.984794
20191008,∫œ√Ã∑Œ5∞°±Ê 38,5204.0,37.581286,126.981567
20191008,∞Ëµø±Ê 69,21247.0,37.580543,126.986594
20191008,¿≤∞Ó∑Œ3±Ê 50,9024.0,37.57777,126.982634
20191009,∫œ√Ã∑Œ11±Ê 1,8761.0,37.581425,126.984794
20191009,∞Ëµø±Ê 69,15073.5,37.580543,126.986594
20191009,∫œ√Ã∑Œ5∞°±Ê 38,7926.5,37.581286,126.981567
20191009,¿≤∞Ó∑Œ3±Ê 50,11403.5,37.57777,126.982634
20191010,¿≤∞Ó∑Œ3±Ê 50,7149.0,37.57777,126.982634
20191010,∫œ√Ã∑Œ5∞°±Ê 38,4772.5,37.581286,126.981567
20191010,∫œ√Ã∑Œ11±Ê 1,6553.5,37.581425,126.984794
20191010,∞Ëµø±Ê 69,15621.0,37.580543,126.986594
20191011,¿≤∞Ó∑Œ3±Ê 50,9605.5,37.57777,126.982634
20191011,∞Ëµø±Ê 69,16251.0,37.580543,126.986594
20191011,∫œ√Ã∑Œ11±Ê 1,8195.0,37.581425,126.984794
20191011,∫œ√Ã∑Œ5∞°±Ê 38,5724.0,37.581286,126.981567
20191012,∞Ëµø±Ê 69,14789.5,37.580543,126.986594
20191012,∫œ√Ã∑Œ5∞°±Ê 38,8634.0,37.581286,126.981567
20191012,¿≤∞Ó∑Œ3±Ê 50,11710.5,37.57777,126.982634
20191012,∫œ√Ã∑Œ11±Ê 1,10060.0,37.581425,126.984794
20191013,¿≤∞Ó∑Œ3±Ê 50,10642.5,37.57777,126.982634
20191013,∫œ√Ã∑Œ11±Ê 1,9388.5,37.581425,126.984794
20191013,∞Ëµø±Ê 69,14069.0,37.580543,126.986594
20191013,∫œ√Ã∑Œ5∞°±Ê 38,7007.5,37.581286,126.981567
20191014,¿≤∞Ó∑Œ3±Ê 50,7942.5,37.57777,126.982634
20191014,∫œ√Ã∑Œ5∞°±Ê 38,4993.0,37.581286,126.981567
20191014,∞Ëµø±Ê 69,16095.5,37.580543,126.986594
20191014,∫œ√Ã∑Œ11±Ê 1,7317.0,37.581425,126.984794
20191015,∫œ√Ã∑Œ5∞°±Ê 38,4475.5,37.581286,126.981567
20191015,∫œ√Ã∑Œ11±Ê 1,6680.0,37.581425,126.984794
20191015,¿≤∞Ó∑Œ3±Ê 50,7574.5,37.57777,126.982634
20191015,∞Ëµø±Ê 69,15620.0,37.580543,126.986594
20191016,∫œ√Ã∑Œ5∞°±Ê 38,4925.0,37.581286,126.981567
20191016,∫œ√Ã∑Œ11±Ê 1,7900.5,37.581425,126.984794
20191016,¿≤∞Ó∑Œ3±Ê 50,7479.0,37.57777,126.982634
20191016,∞Ëµø±Ê 69,14411.5,37.580543,126.986594
20191017,∫œ√Ã∑Œ11±Ê 1,7887.5,37.581425,126.984794
20191017,∞Ëµø±Ê 69,13796.0,37.580543,126.986594
20191017,∫œ√Ã∑Œ5∞°±Ê 38,4978.0,37.581286,126.981567
20191017,¿≤∞Ó∑Œ3±Ê 50,8602.5,37.57777,126.982634
20191018,∫œ√Ã∑Œ5∞°±Ê 38,5609.0,37.581286,126.981567
20191018,∞Ëµø±Ê 69,15012.0,37.580543,126.986594
20191018,¿≤∞Ó∑Œ3±Ê 50,9230.0,37.57777,126.982634
20191018,∫œ√Ã∑Œ11±Ê 1,8226.0,37.581425,126.984794
20191019,∫œ√Ã∑Œ5∞°±Ê 38,8194.0,37.581286,126.981567
20191019,¿≤∞Ó∑Œ3±Ê 50,12909.0,37.57777,126.982634
20191019,∞Ëµø±Ê 69,14287.0,37.580543,126.986594
20191019,∫œ√Ã∑Œ11±Ê 1,11165.5,37.581425,126.984794
20191020,∫œ√Ã∑Œ5∞°±Ê 38,7178.0,37.581286,126.981567
20191020,¿≤∞Ó∑Œ3±Ê 50,10721.0,37.57777,126.982634
20191020,∫œ√Ã∑Œ11±Ê 1,9778.0,37.581425,126.984794
20191020,∞Ëµø±Ê 69,13295.5,37.580543,126.986594
20191021,∫œ√Ã∑Œ11±Ê 1,9019.0,37.581425,126.984794
20191021,∫œ√Ã∑Œ5∞°±Ê 38,4652.5,37.581286,126.981567
20191021,∞Ëµø±Ê 69,13076.5,37.580543,126.986594
20191021,¿≤∞Ó∑Œ3±Ê 50,8354.5,37.57777,126.982634
20191022,∞Ëµø±Ê 69,13519.5,37.580543,126.986594
20191022,∫œ√Ã∑Œ5∞°±Ê 38,4520.5,37.581286,126.981567
20191022,∫œ√Ã∑Œ11±Ê 1,8136.0,37.581425,126.984794
20191022,¿≤∞Ó∑Œ3±Ê 50,8608.5,37.57777,126.982634
20191023,∫œ√Ã∑Œ5∞°±Ê 38,4992.5,37.581286,126.981567
20191023,∫œ√Ã∑Œ11±Ê 1,8218.0,37.581425,126.984794
20191023,¿≤∞Ó∑Œ3±Ê 50,8186.0,37.57777,126.982634
20191023,∞Ëµø±Ê 69,13525.0,37.580543,126.986594
20191024,∫œ√Ã∑Œ5∞°±Ê 38,5503.5,37.581286,126.981567
20191024,∞Ëµø±Ê 69,13177.0,37.580543,126.986594
20191024,¿≤∞Ó∑Œ3±Ê 50,9198.5,37.57777,126.982634
20191024,∫œ√Ã∑Œ11±Ê 1,9387.5,37.581425,126.984794
20191025,∫œ√Ã∑Œ5∞°±Ê 38,5809.5,37.581286,126.981567
20191025,∞Ëµø±Ê 69,13201.0,37.580543,126.986594
20191025,∫œ√Ã∑Œ11±Ê 1,9605.0,37.581425,126.984794
20191025,¿≤∞Ó∑Œ3±Ê 50,10301.5,37.57777,126.982634
20191026,∫œ√Ã∑Œ11±Ê 1,3903.0,37.581425,126.984794
20191026,¿≤∞Ó∑Œ3±Ê 50,2202.0,37.57777,126.982634
20191026,∫œ√Ã∑Œ5∞°±Ê 38,1844.5,37.581286,126.981567
20191026,∞Ëµø±Ê 69,5182.5,37.580543,126.986594
